Gen,Time,ProgSizeMean,ProgSizeStd,FitMean,FitStd
0,18.790487,20.048828125,19.178779170553945,9000.468094095755,1721.3280524947709
1,16.598737,16.787109375,17.454579790516004,7822.149297509003,1872.8573737505712
