Gen,Time,FitMean,FitStd
0,0.0,424.36964554965994,39.606653624982066
