Policy,Fitness
"PS1",380.38064015103
"PS2",377.7220584039229
"PS3",380.25023862909757
"PS4",415.68893483571145
"PS5",380.5070716584581
